email,name
manoj1@gmail.com, Manoj1,
manoj2@gmail.com, Manoj2,
manoj3@gmail.com, Manoj3,
manoj4@gmail.com, Manoj4,
manoj5@gmail.com, Manoj5,
manoj6@gmail.com, Manoj6,
manoj7@gmail.com, Manoj7,
manoj8@gmail.com, Manoj8,
manoj9@gmail.com, Manoj9,
manoj10@gmail.com, Manoj10,
manoj11@gmail.com, Manoj11,
manoj12@gmail.com, Manoj12,
manoj13@gmail.com, Manoj13,
manoj14@gmail.com, Manoj14,
manoj15@gmail.com, Manoj15,
manoj16@gmail.com, Manoj16,
manoj17@gmail.com, Manoj17,
manoj18@gmail.com, Manoj18,
manoj19@gmail.com, Manoj19,
manoj20@gmail.com, Manoj20,